placeDcid,placeName,Date:Count_Person,Value:Count_Person,Source:Count_Person,Date:Median_Income_Person,Value:Median_Income_Person,Source:Median_Income_Person
zip/10001,10001,2022,27004,https://www.census.gov/programs-surveys/acs/data/data-via-ftp.html,2022,72740,https://www.census.gov/programs-surveys/acs/data/data-via-ftp.html
zip/10002,10002,2022,76518,https://www.census.gov/programs-surveys/acs/data/data-via-ftp.html,2022,27471,https://www.census.gov/programs-surveys/acs/data/data-via-ftp.html
zip/10003,10003,2022,53877,https://www.census.gov/programs-surveys/acs/data/data-via-ftp.html,2022,78110,https://www.census.gov/programs-surveys/acs/data/data-via-ftp.html
zip/10004,10004,2022,4579,https://www.census.gov/programs-surveys/acs/data/data-via-ftp.html,2022,130897,https://www.census.gov/programs-surveys/acs/data/data-via-ftp.html
zip/10005,10005,2022,8801,https://www.census.gov/programs-surveys/acs/data/data-via-ftp.html,2022,115806,https://www.census.gov/programs-surveys/acs/data/data-via-ftp.html
zip/10006,10006,2022,3736,https://www.census.gov/programs-surveys/acs/data/data-via-ftp.html,2022,113427,https://www.census.gov/programs-surveys/acs/data/data-via-ftp.html
zip/10007,10007,2022,7506,https://www.census.gov/programs-surveys/acs/data/data-via-ftp.html,2022,132163,https://www.census.gov/programs-surveys/acs/data/data-via-ftp.html
zip/10009,10009,2022,58418,https://www.census.gov/programs-surveys/acs/data/data-via-ftp.html,2022,57133,https://www.census.gov/programs-surveys/acs/data/data-via-ftp.html
zip/10010,10010,2022,32410,https://www.census.gov/programs-surveys/acs/data/data-via-ftp.html,2022,97905,https://www.census.gov/programs-surveys/acs/data/data-via-ftp.html
zip/10011,10011,2022,50772,https://www.census.gov/programs-surveys/acs/data/data-via-ftp.html,2022,102555,https://www.census.gov/programs-surveys/acs/data/data-via-ftp.html
zip/10012,10012,2022,21216,https://www.census.gov/programs-surveys/acs/data/data-via-ftp.html,2022,79845,https://www.census.gov/programs-surveys/acs/data/data-via-ftp.html
zip/10013,10013,2022,29453,https://www.census.gov/programs-surveys/acs/data/data-via-ftp.html,2022,71779,https://www.census.gov/programs-surveys/acs/data/data-via-ftp.html
zip/10014,10014,2022,29461,https://www.census.gov/programs-surveys/acs/data/data-via-ftp.html,2022,102997,https://www.census.gov/programs-surveys/acs/data/data-via-ftp.html
zip/10016,10016,2022,54369,https://www.census.gov/programs-surveys/acs/data/data-via-ftp.html,2022,96837,https://www.census.gov/programs-surveys/acs/data/data-via-ftp.html
zip/10017,10017,2022,14486,https://www.census.gov/programs-surveys/acs/data/data-via-ftp.html,2022,89727,https://www.census.gov/programs-surveys/acs/data/data-via-ftp.html
zip/10018,10018,2022,8659,https://www.census.gov/programs-surveys/acs/data/data-via-ftp.html,2022,98808,https://www.census.gov/programs-surveys/acs/data/data-via-ftp.html
zip/10019,10019,2022,42766,https://www.census.gov/programs-surveys/acs/data/data-via-ftp.html,2022,79646,https://www.census.gov/programs-surveys/acs/data/data-via-ftp.html
zip/10020,10020,2022,0,https://www.census.gov/programs-surveys/acs/data/data-via-ftp.html,,,
zip/10021,10021,2022,40642,https://www.census.gov/programs-surveys/acs/data/data-via-ftp.html,2022,89053,https://www.census.gov/programs-surveys/acs/data/data-via-ftp.html
zip/10022,10022,2022,33586,https://www.census.gov/programs-surveys/acs/data/data-via-ftp.html,2022,103654,https://www.census.gov/programs-surveys/acs/data/data-via-ftp.html
zip/10023,10023,2022,65706,https://www.census.gov/programs-surveys/acs/data/data-via-ftp.html,2022,100891,https://www.census.gov/programs-surveys/acs/data/data-via-ftp.html
zip/10024,10024,2022,62774,https://www.census.gov/programs-surveys/acs/data/data-via-ftp.html,2022,92569,https://www.census.gov/programs-surveys/acs/data/data-via-ftp.html
zip/10025,10025,2022,96988,https://www.census.gov/programs-surveys/acs/data/data-via-ftp.html,2022,52749,https://www.census.gov/programs-surveys/acs/data/data-via-ftp.html
zip/10026,10026,2022,38265,https://www.census.gov/programs-surveys/acs/data/data-via-ftp.html,2022,44110,https://www.census.gov/programs-surveys/acs/data/data-via-ftp.html
zip/10027,10027,2022,65806,https://www.census.gov/programs-surveys/acs/data/data-via-ftp.html,2022,33744,https://www.census.gov/programs-surveys/acs/data/data-via-ftp.html
zip/10028,10028,2022,45717,https://www.census.gov/programs-surveys/acs/data/data-via-ftp.html,2022,101436,https://www.census.gov/programs-surveys/acs/data/data-via-ftp.html
zip/10029,10029,2022,75614,https://www.census.gov/programs-surveys/acs/data/data-via-ftp.html,2022,24829,https://www.census.gov/programs-surveys/acs/data/data-via-ftp.html
zip/10030,10030,2022,31268,https://www.census.gov/programs-surveys/acs/data/data-via-ftp.html,2022,28623,https://www.census.gov/programs-surveys/acs/data/data-via-ftp.html
zip/10031,10031,2022,61044,https://www.census.gov/programs-surveys/acs/data/data-via-ftp.html,2022,34814,https://www.census.gov/programs-surveys/acs/data/data-via-ftp.html
zip/10032,10032,2022,60480,https://www.census.gov/programs-surveys/acs/data/data-via-ftp.html,2022,29402,https://www.census.gov/programs-surveys/acs/data/data-via-ftp.html
zip/10033,10033,2022,58711,https://www.census.gov/programs-surveys/acs/data/data-via-ftp.html,2022,34213,https://www.census.gov/programs-surveys/acs/data/data-via-ftp.html
zip/10034,10034,2022,41570,https://www.census.gov/programs-surveys/acs/data/data-via-ftp.html,2022,33573,https://www.census.gov/programs-surveys/acs/data/data-via-ftp.html
zip/10035,10035,2022,38595,https://www.census.gov/programs-surveys/acs/data/data-via-ftp.html,2022,23909,https://www.census.gov/programs-surveys/acs/data/data-via-ftp.html
zip/10036,10036,2022,30930,https://www.census.gov/programs-surveys/acs/data/data-via-ftp.html,2022,66343,https://www.census.gov/programs-surveys/acs/data/data-via-ftp.html
zip/10037,10037,2022,19138,https://www.census.gov/programs-surveys/acs/data/data-via-ftp.html,2022,39762,https://www.census.gov/programs-surveys/acs/data/data-via-ftp.html
zip/10038,10038,2022,23343,https://www.census.gov/programs-surveys/acs/data/data-via-ftp.html,2022,57500,https://www.census.gov/programs-surveys/acs/data/data-via-ftp.html
zip/10039,10039,2022,29887,https://www.census.gov/programs-surveys/acs/data/data-via-ftp.html,2022,30342,https://www.census.gov/programs-surveys/acs/data/data-via-ftp.html
zip/10040,10040,2022,43653,https://www.census.gov/programs-surveys/acs/data/data-via-ftp.html,2022,30186,https://www.census.gov/programs-surveys/acs/data/data-via-ftp.html
zip/10044,10044,2022,11846,https://www.census.gov/programs-surveys/acs/data/data-via-ftp.html,2022,64927,https://www.census.gov/programs-surveys/acs/data/data-via-ftp.html
zip/10065,10065,2022,30859,https://www.census.gov/programs-surveys/acs/data/data-via-ftp.html,2022,104606,https://www.census.gov/programs-surveys/acs/data/data-via-ftp.html
zip/10069,10069,2022,6259,https://www.census.gov/programs-surveys/acs/data/data-via-ftp.html,2022,145469,https://www.census.gov/programs-surveys/acs/data/data-via-ftp.html
zip/10075,10075,2022,23920,https://www.census.gov/programs-surveys/acs/data/data-via-ftp.html,2022,93718,https://www.census.gov/programs-surveys/acs/data/data-via-ftp.html
zip/10103,10103,2022,0,https://www.census.gov/programs-surveys/acs/data/data-via-ftp.html,,,
zip/10110,10110,2022,0,https://www.census.gov/programs-surveys/acs/data/data-via-ftp.html,2012,63750,https://www.census.gov/programs-surveys/acs/data/data-via-ftp.html
zip/10111,10111,2022,0,https://www.census.gov/programs-surveys/acs/data/data-via-ftp.html,,,
zip/10112,10112,2022,0,https://www.census.gov/programs-surveys/acs/data/data-via-ftp.html,,,
zip/10115,10115,2022,0,https://www.census.gov/programs-surveys/acs/data/data-via-ftp.html,,,
zip/10119,10119,2022,0,https://www.census.gov/programs-surveys/acs/data/data-via-ftp.html,,,
zip/10128,10128,2022,56695,https://www.census.gov/programs-surveys/acs/data/data-via-ftp.html,2022,84696,https://www.census.gov/programs-surveys/acs/data/data-via-ftp.html
zip/10152,10152,2022,0,https://www.census.gov/programs-surveys/acs/data/data-via-ftp.html,,,
zip/10153,10153,2022,0,https://www.census.gov/programs-surveys/acs/data/data-via-ftp.html,,,
zip/10154,10154,2022,0,https://www.census.gov/programs-surveys/acs/data/data-via-ftp.html,,,
zip/10162,10162,2022,1523,https://www.census.gov/programs-surveys/acs/data/data-via-ftp.html,2021,98900,https://www.census.gov/programs-surveys/acs/data/data-via-ftp.html
zip/10165,10165,2022,0,https://www.census.gov/programs-surveys/acs/data/data-via-ftp.html,,,
zip/10167,10167,2022,0,https://www.census.gov/programs-surveys/acs/data/data-via-ftp.html,,,
zip/10168,10168,2022,0,https://www.census.gov/programs-surveys/acs/data/data-via-ftp.html,,,
zip/10169,10169,2022,0,https://www.census.gov/programs-surveys/acs/data/data-via-ftp.html,,,
zip/10170,10170,2022,0,https://www.census.gov/programs-surveys/acs/data/data-via-ftp.html,,,
zip/10171,10171,2022,0,https://www.census.gov/programs-surveys/acs/data/data-via-ftp.html,,,
zip/10172,10172,2022,0,https://www.census.gov/programs-surveys/acs/data/data-via-ftp.html,,,
zip/10173,10173,2022,0,https://www.census.gov/programs-surveys/acs/data/data-via-ftp.html,,,
zip/10174,10174,2022,0,https://www.census.gov/programs-surveys/acs/data/data-via-ftp.html,,,
zip/10177,10177,2022,0,https://www.census.gov/programs-surveys/acs/data/data-via-ftp.html,,,
zip/10199,10199,2022,0,https://www.census.gov/programs-surveys/acs/data/data-via-ftp.html,,,
zip/10271,10271,2022,0,https://www.census.gov/programs-surveys/acs/data/data-via-ftp.html,,,
zip/10278,10278,2022,0,https://www.census.gov/programs-surveys/acs/data/data-via-ftp.html,,,
zip/10279,10279,2022,161,https://www.census.gov/programs-surveys/acs/data/data-via-ftp.html,2022,216736,https://www.census.gov/programs-surveys/acs/data/data-via-ftp.html
zip/10280,10280,2022,8843,https://www.census.gov/programs-surveys/acs/data/data-via-ftp.html,2022,115831,https://www.census.gov/programs-surveys/acs/data/data-via-ftp.html
zip/10282,10282,2022,6450,https://www.census.gov/programs-surveys/acs/data/data-via-ftp.html,2022,157470,https://www.census.gov/programs-surveys/acs/data/data-via-ftp.html
zip/10301,10301,2022,40331,https://www.census.gov/programs-surveys/acs/data/data-via-ftp.html,2022,42945,https://www.census.gov/programs-surveys/acs/data/data-via-ftp.html
zip/10302,10302,2022,18567,https://www.census.gov/programs-surveys/acs/data/data-via-ftp.html,2022,40130,https://www.census.gov/programs-surveys/acs/data/data-via-ftp.html
zip/10303,10303,2022,27083,https://www.census.gov/programs-surveys/acs/data/data-via-ftp.html,2022,37463,https://www.census.gov/programs-surveys/acs/data/data-via-ftp.html
zip/10304,10304,2022,44864,https://www.census.gov/programs-surveys/acs/data/data-via-ftp.html,2022,34997,https://www.census.gov/programs-surveys/acs/data/data-via-ftp.html
zip/10305,10305,2022,42211,https://www.census.gov/programs-surveys/acs/data/data-via-ftp.html,2022,42115,https://www.census.gov/programs-surveys/acs/data/data-via-ftp.html
zip/10306,10306,2022,56232,https://www.census.gov/programs-surveys/acs/data/data-via-ftp.html,2022,45760,https://www.census.gov/programs-surveys/acs/data/data-via-ftp.html
zip/10307,10307,2022,14755,https://www.census.gov/programs-surveys/acs/data/data-via-ftp.html,2022,58464,https://www.census.gov/programs-surveys/acs/data/data-via-ftp.html
zip/10308,10308,2022,30075,https://www.census.gov/programs-surveys/acs/data/data-via-ftp.html,2022,56250,https://www.census.gov/programs-surveys/acs/data/data-via-ftp.html
zip/10309,10309,2022,34740,https://www.census.gov/programs-surveys/acs/data/data-via-ftp.html,2022,47451,https://www.census.gov/programs-surveys/acs/data/data-via-ftp.html
zip/10310,10310,2022,26239,https://www.census.gov/programs-surveys/acs/data/data-via-ftp.html,2022,47723,https://www.census.gov/programs-surveys/acs/data/data-via-ftp.html
zip/10311,10311,2022,0,https://www.census.gov/programs-surveys/acs/data/data-via-ftp.html,,,
zip/10312,10312,2022,63473,https://www.census.gov/programs-surveys/acs/data/data-via-ftp.html,2022,51145,https://www.census.gov/programs-surveys/acs/data/data-via-ftp.html
zip/10314,10314,2022,94355,https://www.census.gov/programs-surveys/acs/data/data-via-ftp.html,2022,45854,https://www.census.gov/programs-surveys/acs/data/data-via-ftp.html
zip/10451,10451,2022,51311,https://www.census.gov/programs-surveys/acs/data/data-via-ftp.html,2022,23475,https://www.census.gov/programs-surveys/acs/data/data-via-ftp.html
zip/10452,10452,2022,78624,https://www.census.gov/programs-surveys/acs/data/data-via-ftp.html,2022,21757,https://www.census.gov/programs-surveys/acs/data/data-via-ftp.html
zip/10453,10453,2022,80385,https://www.census.gov/programs-surveys/acs/data/data-via-ftp.html,2022,22417,https://www.census.gov/programs-surveys/acs/data/data-via-ftp.html
zip/10454,10454,2022,41073,https://www.census.gov/programs-surveys/acs/data/data-via-ftp.html,2022,19081,https://www.census.gov/programs-surveys/acs/data/data-via-ftp.html
zip/10455,10455,2022,44380,https://www.census.gov/programs-surveys/acs/data/data-via-ftp.html,2022,24583,https://www.census.gov/programs-surveys/acs/data/data-via-ftp.html
zip/10456,10456,2022,88575,https://www.census.gov/programs-surveys/acs/data/data-via-ftp.html,2022,20124,https://www.census.gov/programs-surveys/acs/data/data-via-ftp.html
zip/10457,10457,2022,79817,https://www.census.gov/programs-surveys/acs/data/data-via-ftp.html,2022,21457,https://www.census.gov/programs-surveys/acs/data/data-via-ftp.html
zip/10458,10458,2022,82678,https://www.census.gov/programs-surveys/acs/data/data-via-ftp.html,2022,23171,https://www.census.gov/programs-surveys/acs/data/data-via-ftp.html
zip/10459,10459,2022,51964,https://www.census.gov/programs-surveys/acs/data/data-via-ftp.html,2022,23640,https://www.census.gov/programs-surveys/acs/data/data-via-ftp.html
zip/10460,10460,2022,59852,https://www.census.gov/programs-surveys/acs/data/data-via-ftp.html,2022,21760,https://www.census.gov/programs-surveys/acs/data/data-via-ftp.html
zip/10461,10461,2022,50868,https://www.census.gov/programs-surveys/acs/data/data-via-ftp.html,2022,34697,https://www.census.gov/programs-surveys/acs/data/data-via-ftp.html
zip/10462,10462,2022,77230,https://www.census.gov/programs-surveys/acs/data/data-via-ftp.html,2022,34802,https://www.census.gov/programs-surveys/acs/data/data-via-ftp.html
zip/10463,10463,2022,70296,https://www.census.gov/programs-surveys/acs/data/data-via-ftp.html,2022,36888,https://www.census.gov/programs-surveys/acs/data/data-via-ftp.html
zip/10464,10464,2022,4292,https://www.census.gov/programs-surveys/acs/data/data-via-ftp.html,2022,69637,https://www.census.gov/programs-surveys/acs/data/data-via-ftp.html
zip/10465,10465,2022,46311,https://www.census.gov/programs-surveys/acs/data/data-via-ftp.html,2022,41970,https://www.census.gov/programs-surveys/acs/data/data-via-ftp.html
zip/10466,10466,2022,72273,https://www.census.gov/programs-surveys/acs/data/data-via-ftp.html,2022,33554,https://www.census.gov/programs-surveys/acs/data/data-via-ftp.html
zip/10467,10467,2022,98713,https://www.census.gov/programs-surveys/acs/data/data-via-ftp.html,2022,28671,https://www.census.gov/programs-surveys/acs/data/data-via-ftp.html
zip/10468,10468,2022,81397,https://www.census.gov/programs-surveys/acs/data/data-via-ftp.html,2022,23811,https://www.census.gov/programs-surveys/acs/data/data-via-ftp.html
zip/10469,10469,2022,71862,https://www.census.gov/programs-surveys/acs/data/data-via-ftp.html,2022,36432,https://www.census.gov/programs-surveys/acs/data/data-via-ftp.html
zip/10470,10470,2022,15390,https://www.census.gov/programs-surveys/acs/data/data-via-ftp.html,2022,41526,https://www.census.gov/programs-surveys/acs/data/data-via-ftp.html
zip/10471,10471,2022,22888,https://www.census.gov/programs-surveys/acs/data/data-via-ftp.html,2022,47192,https://www.census.gov/programs-surveys/acs/data/data-via-ftp.html
zip/10472,10472,2022,65283,https://www.census.gov/programs-surveys/acs/data/data-via-ftp.html,2022,24650,https://www.census.gov/programs-surveys/acs/data/data-via-ftp.html
zip/10473,10473,2022,60087,https://www.census.gov/programs-surveys/acs/data/data-via-ftp.html,2022,28780,https://www.census.gov/programs-surveys/acs/data/data-via-ftp.html
zip/10474,10474,2022,11280,https://www.census.gov/programs-surveys/acs/data/data-via-ftp.html,2022,22912,https://www.census.gov/programs-surveys/acs/data/data-via-ftp.html
zip/10475,10475,2022,43517,https://www.census.gov/programs-surveys/acs/data/data-via-ftp.html,2022,36574,https://www.census.gov/programs-surveys/acs/data/data-via-ftp.html
zip/11004,11004,2022,15702,https://www.census.gov/programs-surveys/acs/data/data-via-ftp.html,2022,51870,https://www.census.gov/programs-surveys/acs/data/data-via-ftp.html
zip/11005,11005,2022,2175,https://www.census.gov/programs-surveys/acs/data/data-via-ftp.html,2022,64277,https://www.census.gov/programs-surveys/acs/data/data-via-ftp.html
zip/11101,11101,2022,34279,https://www.census.gov/programs-surveys/acs/data/data-via-ftp.html,2022,65599,https://www.census.gov/programs-surveys/acs/data/data-via-ftp.html
zip/11102,11102,2022,27069,https://www.census.gov/programs-surveys/acs/data/data-via-ftp.html,2022,57317,https://www.census.gov/programs-surveys/acs/data/data-via-ftp.html
zip/11103,11103,2022,34752,https://www.census.gov/programs-surveys/acs/data/data-via-ftp.html,2022,51103,https://www.census.gov/programs-surveys/acs/data/data-via-ftp.html
zip/11104,11104,2022,26939,https://www.census.gov/programs-surveys/acs/data/data-via-ftp.html,2022,52097,https://www.census.gov/programs-surveys/acs/data/data-via-ftp.html
zip/11105,11105,2022,38756,https://www.census.gov/programs-surveys/acs/data/data-via-ftp.html,2022,52151,https://www.census.gov/programs-surveys/acs/data/data-via-ftp.html
zip/11106,11106,2022,40198,https://www.census.gov/programs-surveys/acs/data/data-via-ftp.html,2022,46953,https://www.census.gov/programs-surveys/acs/data/data-via-ftp.html
zip/11109,11109,2022,7280,https://www.census.gov/programs-surveys/acs/data/data-via-ftp.html,2022,105788,https://www.census.gov/programs-surveys/acs/data/data-via-ftp.html
zip/11201,11201,2022,69755,https://www.census.gov/programs-surveys/acs/data/data-via-ftp.html,2022,94739,https://www.census.gov/programs-surveys/acs/data/data-via-ftp.html
zip/11203,11203,2022,78506,https://www.census.gov/programs-surveys/acs/data/data-via-ftp.html,2022,36826,https://www.census.gov/programs-surveys/acs/data/data-via-ftp.html
zip/11204,11204,2022,80575,https://www.census.gov/programs-surveys/acs/data/data-via-ftp.html,2022,27225,https://www.census.gov/programs-surveys/acs/data/data-via-ftp.html
zip/11205,11205,2022,50319,https://www.census.gov/programs-surveys/acs/data/data-via-ftp.html,2022,42376,https://www.census.gov/programs-surveys/acs/data/data-via-ftp.html
zip/11206,11206,2022,89949,https://www.census.gov/programs-surveys/acs/data/data-via-ftp.html,2022,28502,https://www.census.gov/programs-surveys/acs/data/data-via-ftp.html
zip/11207,11207,2022,96801,https://www.census.gov/programs-surveys/acs/data/data-via-ftp.html,2022,29302,https://www.census.gov/programs-surveys/acs/data/data-via-ftp.html
zip/11208,11208,2022,108180,https://www.census.gov/programs-surveys/acs/data/data-via-ftp.html,2022,32893,https://www.census.gov/programs-surveys/acs/data/data-via-ftp.html
zip/11209,11209,2022,71812,https://www.census.gov/programs-surveys/acs/data/data-via-ftp.html,2022,49966,https://www.census.gov/programs-surveys/acs/data/data-via-ftp.html
zip/11210,11210,2022,63426,https://www.census.gov/programs-surveys/acs/data/data-via-ftp.html,2022,42274,https://www.census.gov/programs-surveys/acs/data/data-via-ftp.html
zip/11211,11211,2022,65511,https://www.census.gov/programs-surveys/acs/data/data-via-ftp.html,2022,52883,https://www.census.gov/programs-surveys/acs/data/data-via-ftp.html
zip/11212,11212,2022,84006,https://www.census.gov/programs-surveys/acs/data/data-via-ftp.html,2022,23391,https://www.census.gov/programs-surveys/acs/data/data-via-ftp.html
zip/11213,11213,2022,69131,https://www.census.gov/programs-surveys/acs/data/data-via-ftp.html,2022,31609,https://www.census.gov/programs-surveys/acs/data/data-via-ftp.html
zip/11214,11214,2022,90796,https://www.census.gov/programs-surveys/acs/data/data-via-ftp.html,2022,29704,https://www.census.gov/programs-surveys/acs/data/data-via-ftp.html
zip/11215,11215,2022,72014,https://www.census.gov/programs-surveys/acs/data/data-via-ftp.html,2022,89458,https://www.census.gov/programs-surveys/acs/data/data-via-ftp.html
zip/11216,11216,2022,62373,https://www.census.gov/programs-surveys/acs/data/data-via-ftp.html,2022,50597,https://www.census.gov/programs-surveys/acs/data/data-via-ftp.html
zip/11217,11217,2022,43045,https://www.census.gov/programs-surveys/acs/data/data-via-ftp.html,2022,77820,https://www.census.gov/programs-surveys/acs/data/data-via-ftp.html
zip/11218,11218,2022,73318,https://www.census.gov/programs-surveys/acs/data/data-via-ftp.html,2022,45304,https://www.census.gov/programs-surveys/acs/data/data-via-ftp.html
zip/11219,11219,2022,92283,https://www.census.gov/programs-surveys/acs/data/data-via-ftp.html,2022,25931,https://www.census.gov/programs-surveys/acs/data/data-via-ftp.html
zip/11220,11220,2022,93008,https://www.census.gov/programs-surveys/acs/data/data-via-ftp.html,2022,27126,https://www.census.gov/programs-surveys/acs/data/data-via-ftp.html
zip/11221,11221,2022,91236,https://www.census.gov/programs-surveys/acs/data/data-via-ftp.html,2022,39304,https://www.census.gov/programs-surveys/acs/data/data-via-ftp.html
zip/11222,11222,2022,40137,https://www.census.gov/programs-surveys/acs/data/data-via-ftp.html,2022,69250,https://www.census.gov/programs-surveys/acs/data/data-via-ftp.html
zip/11223,11223,2022,80113,https://www.census.gov/programs-surveys/acs/data/data-via-ftp.html,2022,29463,https://www.census.gov/programs-surveys/acs/data/data-via-ftp.html
zip/11224,11224,2022,47893,https://www.census.gov/programs-surveys/acs/data/data-via-ftp.html,2022,22859,https://www.census.gov/programs-surveys/acs/data/data-via-ftp.html
zip/11225,11225,2022,58476,https://www.census.gov/programs-surveys/acs/data/data-via-ftp.html,2022,44329,https://www.census.gov/programs-surveys/acs/data/data-via-ftp.html
zip/11226,11226,2022,101053,https://www.census.gov/programs-surveys/acs/data/data-via-ftp.html,2022,39131,https://www.census.gov/programs-surveys/acs/data/data-via-ftp.html
zip/11228,11228,2022,44196,https://www.census.gov/programs-surveys/acs/data/data-via-ftp.html,2022,37500,https://www.census.gov/programs-surveys/acs/data/data-via-ftp.html
zip/11229,11229,2022,81109,https://www.census.gov/programs-surveys/acs/data/data-via-ftp.html,2022,39008,https://www.census.gov/programs-surveys/acs/data/data-via-ftp.html
zip/11230,11230,2022,90245,https://www.census.gov/programs-surveys/acs/data/data-via-ftp.html,2022,33146,https://www.census.gov/programs-surveys/acs/data/data-via-ftp.html
zip/11231,11231,2022,38829,https://www.census.gov/programs-surveys/acs/data/data-via-ftp.html,2022,74068,https://www.census.gov/programs-surveys/acs/data/data-via-ftp.html
zip/11232,11232,2022,28137,https://www.census.gov/programs-surveys/acs/data/data-via-ftp.html,2022,35994,https://www.census.gov/programs-surveys/acs/data/data-via-ftp.html
zip/11233,11233,2022,83125,https://www.census.gov/programs-surveys/acs/data/data-via-ftp.html,2022,36380,https://www.census.gov/programs-surveys/acs/data/data-via-ftp.html
zip/11234,11234,2022,89976,https://www.census.gov/programs-surveys/acs/data/data-via-ftp.html,2022,44373,https://www.census.gov/programs-surveys/acs/data/data-via-ftp.html
zip/11235,11235,2022,83069,https://www.census.gov/programs-surveys/acs/data/data-via-ftp.html,2022,36124,https://www.census.gov/programs-surveys/acs/data/data-via-ftp.html
zip/11236,11236,2022,100082,https://www.census.gov/programs-surveys/acs/data/data-via-ftp.html,2022,40779,https://www.census.gov/programs-surveys/acs/data/data-via-ftp.html
zip/11237,11237,2022,47183,https://www.census.gov/programs-surveys/acs/data/data-via-ftp.html,2022,35522,https://www.census.gov/programs-surveys/acs/data/data-via-ftp.html
zip/11238,11238,2022,58047,https://www.census.gov/programs-surveys/acs/data/data-via-ftp.html,2022,73508,https://www.census.gov/programs-surveys/acs/data/data-via-ftp.html
zip/11239,11239,2022,16808,https://www.census.gov/programs-surveys/acs/data/data-via-ftp.html,2022,25568,https://www.census.gov/programs-surveys/acs/data/data-via-ftp.html
zip/11351,11351,2020,0,https://www.census.gov/programs-surveys/acs/data/data-via-ftp.html,,,
zip/11354,11354,2022,53371,https://www.census.gov/programs-surveys/acs/data/data-via-ftp.html,2022,29104,https://www.census.gov/programs-surveys/acs/data/data-via-ftp.html
zip/11355,11355,2022,79495,https://www.census.gov/programs-surveys/acs/data/data-via-ftp.html,2022,26868,https://www.census.gov/programs-surveys/acs/data/data-via-ftp.html
zip/11356,11356,2022,27632,https://www.census.gov/programs-surveys/acs/data/data-via-ftp.html,2022,36230,https://www.census.gov/programs-surveys/acs/data/data-via-ftp.html
zip/11357,11357,2022,42792,https://www.census.gov/programs-surveys/acs/data/data-via-ftp.html,2022,43219,https://www.census.gov/programs-surveys/acs/data/data-via-ftp.html
zip/11358,11358,2022,37647,https://www.census.gov/programs-surveys/acs/data/data-via-ftp.html,2022,39786,https://www.census.gov/programs-surveys/acs/data/data-via-ftp.html
zip/11359,11359,2022,0,https://www.census.gov/programs-surveys/acs/data/data-via-ftp.html,,,
zip/11360,11360,2022,19719,https://www.census.gov/programs-surveys/acs/data/data-via-ftp.html,2022,53180,https://www.census.gov/programs-surveys/acs/data/data-via-ftp.html
zip/11361,11361,2022,29544,https://www.census.gov/programs-surveys/acs/data/data-via-ftp.html,2022,48048,https://www.census.gov/programs-surveys/acs/data/data-via-ftp.html
zip/11362,11362,2022,18426,https://www.census.gov/programs-surveys/acs/data/data-via-ftp.html,2022,58121,https://www.census.gov/programs-surveys/acs/data/data-via-ftp.html
zip/11363,11363,2022,7365,https://www.census.gov/programs-surveys/acs/data/data-via-ftp.html,2022,49552,https://www.census.gov/programs-surveys/acs/data/data-via-ftp.html
zip/11364,11364,2022,38124,https://www.census.gov/programs-surveys/acs/data/data-via-ftp.html,2022,50053,https://www.census.gov/programs-surveys/acs/data/data-via-ftp.html
zip/11365,11365,2022,46424,https://www.census.gov/programs-surveys/acs/data/data-via-ftp.html,2022,39669,https://www.census.gov/programs-surveys/acs/data/data-via-ftp.html
zip/11366,11366,2022,13659,https://www.census.gov/programs-surveys/acs/data/data-via-ftp.html,2022,48665,https://www.census.gov/programs-surveys/acs/data/data-via-ftp.html
zip/11367,11367,2022,43286,https://www.census.gov/programs-surveys/acs/data/data-via-ftp.html,2022,34788,https://www.census.gov/programs-surveys/acs/data/data-via-ftp.html
zip/11368,11368,2022,112750,https://www.census.gov/programs-surveys/acs/data/data-via-ftp.html,2022,29941,https://www.census.gov/programs-surveys/acs/data/data-via-ftp.html
zip/11369,11369,2022,32177,https://www.census.gov/programs-surveys/acs/data/data-via-ftp.html,2022,32568,https://www.census.gov/programs-surveys/acs/data/data-via-ftp.html
zip/11370,11370,2022,28164,https://www.census.gov/programs-surveys/acs/data/data-via-ftp.html,2022,34746,https://www.census.gov/programs-surveys/acs/data/data-via-ftp.html
zip/11371,11371,2022,0,https://www.census.gov/programs-surveys/acs/data/data-via-ftp.html,,,
zip/11372,11372,2022,67001,https://www.census.gov/programs-surveys/acs/data/data-via-ftp.html,2022,38763,https://www.census.gov/programs-surveys/acs/data/data-via-ftp.html
zip/11373,11373,2022,102618,https://www.census.gov/programs-surveys/acs/data/data-via-ftp.html,2022,31537,https://www.census.gov/programs-surveys/acs/data/data-via-ftp.html
zip/11374,11374,2022,47230,https://www.census.gov/programs-surveys/acs/data/data-via-ftp.html,2022,47760,https://www.census.gov/programs-surveys/acs/data/data-via-ftp.html
zip/11375,11375,2022,75212,https://www.census.gov/programs-surveys/acs/data/data-via-ftp.html,2022,60326,https://www.census.gov/programs-surveys/acs/data/data-via-ftp.html
zip/11377,11377,2022,86977,https://www.census.gov/programs-surveys/acs/data/data-via-ftp.html,2022,37838,https://www.census.gov/programs-surveys/acs/data/data-via-ftp.html
zip/11378,11378,2022,39250,https://www.census.gov/programs-surveys/acs/data/data-via-ftp.html,2022,42083,https://www.census.gov/programs-surveys/acs/data/data-via-ftp.html
zip/11379,11379,2022,38261,https://www.census.gov/programs-surveys/acs/data/data-via-ftp.html,2022,43814,https://www.census.gov/programs-surveys/acs/data/data-via-ftp.html
zip/11385,11385,2022,105521,https://www.census.gov/programs-surveys/acs/data/data-via-ftp.html,2022,41912,https://www.census.gov/programs-surveys/acs/data/data-via-ftp.html
zip/11411,11411,2022,21329,https://www.census.gov/programs-surveys/acs/data/data-via-ftp.html,2022,45042,https://www.census.gov/programs-surveys/acs/data/data-via-ftp.html
zip/11412,11412,2022,40593,https://www.census.gov/programs-surveys/acs/data/data-via-ftp.html,2022,41041,https://www.census.gov/programs-surveys/acs/data/data-via-ftp.html
zip/11413,11413,2022,44832,https://www.census.gov/programs-surveys/acs/data/data-via-ftp.html,2022,45482,https://www.census.gov/programs-surveys/acs/data/data-via-ftp.html
zip/11414,11414,2022,30374,https://www.census.gov/programs-surveys/acs/data/data-via-ftp.html,2022,47065,https://www.census.gov/programs-surveys/acs/data/data-via-ftp.html
zip/11415,11415,2022,20315,https://www.census.gov/programs-surveys/acs/data/data-via-ftp.html,2022,51778,https://www.census.gov/programs-surveys/acs/data/data-via-ftp.html
zip/11416,11416,2022,27794,https://www.census.gov/programs-surveys/acs/data/data-via-ftp.html,2022,35291,https://www.census.gov/programs-surveys/acs/data/data-via-ftp.html
zip/11417,11417,2022,31200,https://www.census.gov/programs-surveys/acs/data/data-via-ftp.html,2022,35014,https://www.census.gov/programs-surveys/acs/data/data-via-ftp.html
zip/11418,11418,2022,38317,https://www.census.gov/programs-surveys/acs/data/data-via-ftp.html,2022,32279,https://www.census.gov/programs-surveys/acs/data/data-via-ftp.html
zip/11419,11419,2022,48096,https://www.census.gov/programs-surveys/acs/data/data-via-ftp.html,2022,32909,https://www.census.gov/programs-surveys/acs/data/data-via-ftp.html
zip/11420,11420,2022,51153,https://www.census.gov/programs-surveys/acs/data/data-via-ftp.html,2022,38115,https://www.census.gov/programs-surveys/acs/data/data-via-ftp.html
zip/11421,11421,2022,41552,https://www.census.gov/programs-surveys/acs/data/data-via-ftp.html,2022,35823,https://www.census.gov/programs-surveys/acs/data/data-via-ftp.html
zip/11422,11422,2022,32296,https://www.census.gov/programs-surveys/acs/data/data-via-ftp.html,2022,45431,https://www.census.gov/programs-surveys/acs/data/data-via-ftp.html
zip/11423,11423,2022,29921,https://www.census.gov/programs-surveys/acs/data/data-via-ftp.html,2022,35575,https://www.census.gov/programs-surveys/acs/data/data-via-ftp.html
zip/11424,11424,2022,0,https://www.census.gov/programs-surveys/acs/data/data-via-ftp.html,,,
zip/11425,11425,2020,0,https://www.census.gov/programs-surveys/acs/data/data-via-ftp.html,,,
zip/11426,11426,2022,19733,https://www.census.gov/programs-surveys/acs/data/data-via-ftp.html,2022,48999,https://www.census.gov/programs-surveys/acs/data/data-via-ftp.html
zip/11427,11427,2022,25187,https://www.census.gov/programs-surveys/acs/data/data-via-ftp.html,2022,38425,https://www.census.gov/programs-surveys/acs/data/data-via-ftp.html
zip/11428,11428,2022,19554,https://www.census.gov/programs-surveys/acs/data/data-via-ftp.html,2022,37563,https://www.census.gov/programs-surveys/acs/data/data-via-ftp.html
zip/11429,11429,2022,27845,https://www.census.gov/programs-surveys/acs/data/data-via-ftp.html,2022,40255,https://www.census.gov/programs-surveys/acs/data/data-via-ftp.html
zip/11430,11430,2022,332,https://www.census.gov/programs-surveys/acs/data/data-via-ftp.html,2022,11336,https://www.census.gov/programs-surveys/acs/data/data-via-ftp.html
zip/11432,11432,2022,64268,https://www.census.gov/programs-surveys/acs/data/data-via-ftp.html,2022,32431,https://www.census.gov/programs-surveys/acs/data/data-via-ftp.html
zip/11433,11433,2022,38865,https://www.census.gov/programs-surveys/acs/data/data-via-ftp.html,2022,31142,https://www.census.gov/programs-surveys/acs/data/data-via-ftp.html
zip/11434,11434,2022,68182,https://www.census.gov/programs-surveys/acs/data/data-via-ftp.html,2022,37263,https://www.census.gov/programs-surveys/acs/data/data-via-ftp.html
zip/11435,11435,2022,59961,https://www.census.gov/programs-surveys/acs/data/data-via-ftp.html,2022,35605,https://www.census.gov/programs-surveys/acs/data/data-via-ftp.html
zip/11436,11436,2022,21349,https://www.census.gov/programs-surveys/acs/data/data-via-ftp.html,2022,36680,https://www.census.gov/programs-surveys/acs/data/data-via-ftp.html
zip/11451,11451,2022,0,https://www.census.gov/programs-surveys/acs/data/data-via-ftp.html,,,
zip/11691,11691,2022,70365,https://www.census.gov/programs-surveys/acs/data/data-via-ftp.html,2022,29326,https://www.census.gov/programs-surveys/acs/data/data-via-ftp.html
zip/11692,11692,2022,24584,https://www.census.gov/programs-surveys/acs/data/data-via-ftp.html,2022,31625,https://www.census.gov/programs-surveys/acs/data/data-via-ftp.html
zip/11693,11693,2022,13558,https://www.census.gov/programs-surveys/acs/data/data-via-ftp.html,2022,39613,https://www.census.gov/programs-surveys/acs/data/data-via-ftp.html
zip/11694,11694,2022,21788,https://www.census.gov/programs-surveys/acs/data/data-via-ftp.html,2022,49243,https://www.census.gov/programs-surveys/acs/data/data-via-ftp.html
zip/11697,11697,2022,3946,https://www.census.gov/programs-surveys/acs/data/data-via-ftp.html,2022,68769,https://www.census.gov/programs-surveys/acs/data/data-via-ftp.html
